-- phpMyAdmin SQL Dump
-- version 5.0.1
-- https://www.phpmyadmin.net/
--
-- Host: 127.0.0.1
-- Generation Time: Apr 13, 2022 at 03:20 PM
-- Server version: 10.4.11-MariaDB
-- PHP Version: 7.4.3

SET SQL_MODE = "NO_AUTO_VALUE_ON_ZERO";
SET AUTOCOMMIT = 0;
START TRANSACTION;
SET time_zone = "+00:00";


/*!40101 SET @OLD_CHARACTER_SET_CLIENT=@@CHARACTER_SET_CLIENT */;
/*!40101 SET @OLD_CHARACTER_SET_RESULTS=@@CHARACTER_SET_RESULTS */;
/*!40101 SET @OLD_COLLATION_CONNECTION=@@COLLATION_CONNECTION */;
/*!40101 SET NAMES utf8mb4 */;

--
-- Database: `cee_db`
--

-- --------------------------------------------------------

--
-- Table structure for table `admin_acc`
--

CREATE TABLE `admin_acc` (
  `admin_id` int(11) NOT NULL,
  `admin_user` varchar(1000) NOT NULL,
  `admin_pass` varchar(1000) NOT NULL
) ENGINE=InnoDB DEFAULT CHARSET=latin1;

--
-- Dumping data for table `admin_acc`
--

INSERT INTO `admin_acc` (`admin_id`, `admin_user`, `admin_pass`) VALUES
(1, 'admin@username', 'admin@password');

-- --------------------------------------------------------

--
-- Table structure for table `course_tbl`
--

CREATE TABLE `course_tbl` (
  `cou_id` int(11) NOT NULL,
  `cou_name` varchar(1000) NOT NULL,
  `cou_created` timestamp NOT NULL DEFAULT current_timestamp() ON UPDATE current_timestamp()
) ENGINE=InnoDB DEFAULT CHARSET=latin1;

--
-- Dumping data for table `course_tbl`
--

INSERT INTO `course_tbl` (`cou_id`, `cou_name`, `cou_created`) VALUES
(66, 'PHP', '2022-04-13 12:15:21'),
(67, 'JAVA', '2022-04-13 12:42:30');

-- --------------------------------------------------------

--
-- Table structure for table `examinee_tbl`
--

CREATE TABLE `examinee_tbl` (
  `exmne_id` int(11) NOT NULL,
  `exmne_fullname` varchar(1000) NOT NULL,
  `exmne_course` varchar(1000) NOT NULL,
  `exmne_gender` varchar(1000) NOT NULL,
  `exmne_birthdate` varchar(1000) NOT NULL,
  `exmne_year_level` varchar(1000) NOT NULL,
  `exmne_email` varchar(1000) NOT NULL,
  `exmne_password` varchar(1000) NOT NULL,
  `exmne_status` varchar(1000) NOT NULL DEFAULT 'active'
) ENGINE=InnoDB DEFAULT CHARSET=latin1;

--
-- Dumping data for table `examinee_tbl`
--

INSERT INTO `examinee_tbl` (`exmne_id`, `exmne_fullname`, `exmne_course`, `exmne_gender`, `exmne_birthdate`, `exmne_year_level`, `exmne_email`, `exmne_password`, `exmne_status`) VALUES
(10, 'Vivek Bodarya', '67', 'male', '2000-10-01', 'third year', 'vivekbodarya@gmail.com', 'vivek', 'active');

-- --------------------------------------------------------

--
-- Table structure for table `exam_answers`
--

CREATE TABLE `exam_answers` (
  `exans_id` int(11) NOT NULL,
  `axmne_id` int(11) NOT NULL,
  `exam_id` int(11) NOT NULL,
  `quest_id` int(11) NOT NULL,
  `exans_answer` varchar(1000) NOT NULL,
  `exans_status` varchar(1000) NOT NULL DEFAULT 'new',
  `exans_created` timestamp NOT NULL DEFAULT current_timestamp() ON UPDATE current_timestamp()
) ENGINE=InnoDB DEFAULT CHARSET=latin1;

--
-- Dumping data for table `exam_answers`
--

INSERT INTO `exam_answers` (`exans_id`, `axmne_id`, `exam_id`, `quest_id`, `exans_answer`, `exans_status`, `exans_created`) VALUES
(328, 10, 27, 42, '4', 'new', '2022-04-13 12:23:40'),
(329, 10, 27, 40, 'op1', 'new', '2022-04-13 12:23:40'),
(330, 10, 27, 39, 'op2', 'new', '2022-04-13 12:23:40'),
(331, 10, 27, 43, '3', 'new', '2022-04-13 12:23:40'),
(332, 10, 27, 41, 'op3', 'new', '2022-04-13 12:23:40'),
(333, 10, 28, 44, '20', 'new', '2022-04-13 13:01:43');

-- --------------------------------------------------------

--
-- Table structure for table `exam_attempt`
--

CREATE TABLE `exam_attempt` (
  `examat_id` int(11) NOT NULL,
  `exmne_id` int(11) NOT NULL,
  `exam_id` int(11) NOT NULL,
  `examat_status` varchar(1000) NOT NULL DEFAULT 'used'
) ENGINE=InnoDB DEFAULT CHARSET=latin1;

--
-- Dumping data for table `exam_attempt`
--

INSERT INTO `exam_attempt` (`examat_id`, `exmne_id`, `exam_id`, `examat_status`) VALUES
(58, 10, 27, 'used'),
(59, 10, 28, 'used');

-- --------------------------------------------------------

--
-- Table structure for table `exam_question_tbl`
--

CREATE TABLE `exam_question_tbl` (
  `eqt_id` int(11) NOT NULL,
  `exam_id` int(11) NOT NULL,
  `exam_question` varchar(1000) NOT NULL,
  `exam_ch1` varchar(1000) NOT NULL,
  `exam_ch2` varchar(1000) NOT NULL,
  `exam_ch3` varchar(1000) NOT NULL,
  `exam_ch4` varchar(1000) NOT NULL,
  `exam_answer` varchar(1000) NOT NULL,
  `exam_status` varchar(1000) NOT NULL DEFAULT 'active'
) ENGINE=InnoDB DEFAULT CHARSET=latin1;

--
-- Dumping data for table `exam_question_tbl`
--

INSERT INTO `exam_question_tbl` (`eqt_id`, `exam_id`, `exam_question`, `exam_ch1`, `exam_ch2`, `exam_ch3`, `exam_ch4`, `exam_answer`, `exam_status`) VALUES
(39, 27, 'PHP Q1?', 'op1 ', 'op2', 'op3', 'op4', 'op2', 'active'),
(40, 27, 'PHP Q2?', 'op1', 'op2', 'op3', 'op4', 'op1', 'active'),
(41, 27, 'PHP Q3?', 'op1', 'op2', 'op3', 'op4', 'op3', 'active'),
(42, 27, 'PHP Q4?', '1', '2', '3', '4', '4', 'active'),
(43, 27, 'PHP Q5?', '1', '3', '5', '7', '5', 'active'),
(44, 28, 'Java Q1', '101', '20', '30', '40', '20', 'active');

-- --------------------------------------------------------

--
-- Table structure for table `exam_tbl`
--

CREATE TABLE `exam_tbl` (
  `ex_id` int(11) NOT NULL,
  `cou_id` int(11) NOT NULL,
  `ex_title` varchar(1000) NOT NULL,
  `ex_time_limit` varchar(1000) NOT NULL,
  `ex_questlimit_display` int(11) NOT NULL,
  `ex_description` varchar(1000) NOT NULL,
  `ex_created` timestamp NOT NULL DEFAULT current_timestamp() ON UPDATE current_timestamp()
) ENGINE=InnoDB DEFAULT CHARSET=latin1;

--
-- Dumping data for table `exam_tbl`
--

INSERT INTO `exam_tbl` (`ex_id`, `cou_id`, `ex_title`, `ex_time_limit`, `ex_questlimit_display`, `ex_description`, `ex_created`) VALUES
(27, 66, 'PHP Exam 1', '10', 5, 'Best of Luck!!', '2022-04-13 12:16:19'),
(28, 67, 'Java Exam test 1', '10', 10, 'Good Luck!!', '2022-04-13 12:44:11');

-- --------------------------------------------------------

--
-- Table structure for table `feedbacks_tbl`
--

CREATE TABLE `feedbacks_tbl` (
  `fb_id` int(11) NOT NULL,
  `exmne_id` int(11) NOT NULL,
  `fb_exmne_as` varchar(1000) NOT NULL,
  `fb_feedbacks` varchar(1000) NOT NULL,
  `fb_date` varchar(1000) NOT NULL
) ENGINE=InnoDB DEFAULT CHARSET=latin1;

--
-- Indexes for dumped tables
--

--
-- Indexes for table `admin_acc`
--
ALTER TABLE `admin_acc`
  ADD PRIMARY KEY (`admin_id`);

--
-- Indexes for table `course_tbl`
--
ALTER TABLE `course_tbl`
  ADD PRIMARY KEY (`cou_id`);

--
-- Indexes for table `examinee_tbl`
--
ALTER TABLE `examinee_tbl`
  ADD PRIMARY KEY (`exmne_id`);

--
-- Indexes for table `exam_answers`
--
ALTER TABLE `exam_answers`
  ADD PRIMARY KEY (`exans_id`);

--
-- Indexes for table `exam_attempt`
--
ALTER TABLE `exam_attempt`
  ADD PRIMARY KEY (`examat_id`);

--
-- Indexes for table `exam_question_tbl`
--
ALTER TABLE `exam_question_tbl`
  ADD PRIMARY KEY (`eqt_id`);

--
-- Indexes for table `exam_tbl`
--
ALTER TABLE `exam_tbl`
  ADD PRIMARY KEY (`ex_id`);

--
-- Indexes for table `feedbacks_tbl`
--
ALTER TABLE `feedbacks_tbl`
  ADD PRIMARY KEY (`fb_id`);

--
-- AUTO_INCREMENT for dumped tables
--

--
-- AUTO_INCREMENT for table `admin_acc`
--
ALTER TABLE `admin_acc`
  MODIFY `admin_id` int(11) NOT NULL AUTO_INCREMENT, AUTO_INCREMENT=2;

--
-- AUTO_INCREMENT for table `course_tbl`
--
ALTER TABLE `course_tbl`
  MODIFY `cou_id` int(11) NOT NULL AUTO_INCREMENT, AUTO_INCREMENT=68;

--
-- AUTO_INCREMENT for table `examinee_tbl`
--
ALTER TABLE `examinee_tbl`
  MODIFY `exmne_id` int(11) NOT NULL AUTO_INCREMENT, AUTO_INCREMENT=11;

--
-- AUTO_INCREMENT for table `exam_answers`
--
ALTER TABLE `exam_answers`
  MODIFY `exans_id` int(11) NOT NULL AUTO_INCREMENT, AUTO_INCREMENT=334;

--
-- AUTO_INCREMENT for table `exam_attempt`
--
ALTER TABLE `exam_attempt`
  MODIFY `examat_id` int(11) NOT NULL AUTO_INCREMENT, AUTO_INCREMENT=60;

--
-- AUTO_INCREMENT for table `exam_question_tbl`
--
ALTER TABLE `exam_question_tbl`
  MODIFY `eqt_id` int(11) NOT NULL AUTO_INCREMENT, AUTO_INCREMENT=45;

--
-- AUTO_INCREMENT for table `exam_tbl`
--
ALTER TABLE `exam_tbl`
  MODIFY `ex_id` int(11) NOT NULL AUTO_INCREMENT, AUTO_INCREMENT=29;

--
-- AUTO_INCREMENT for table `feedbacks_tbl`
--
ALTER TABLE `feedbacks_tbl`
  MODIFY `fb_id` int(11) NOT NULL AUTO_INCREMENT, AUTO_INCREMENT=11;
COMMIT;

/*!40101 SET CHARACTER_SET_CLIENT=@OLD_CHARACTER_SET_CLIENT */;
/*!40101 SET CHARACTER_SET_RESULTS=@OLD_CHARACTER_SET_RESULTS */;
/*!40101 SET COLLATION_CONNECTION=@OLD_COLLATION_CONNECTION */;
